chapter,label,sheet
Y5 BI Module Sa Asas,Free time,Y5 BI Module Sa.csv
Y5 BI Module Sb Sederhana,Free time,Y5 BI Module Sb.csv
Y5 BI Module Sc Cabaran,Free time,Y5 BI Module Sc.csv
Y5 BI Module 1a Asas,Towns and Cities,Y5 BI Module 1a.csv
Y5 BI Module 1b Sederhana,Towns and Cities,Y5 BI Module 1b.csv
Y5 BI Module 1c Cabaran,Towns and Cities,Y5 BI Module 1c.csv
Y5 BI Module 2a Asas,Days,Y5 BI Module 2a.csv
Y5 BI Module 2b Sederhana,Days,Y5 BI Module 2b.csv
Y5 BI Module 2c Cabaran,Days,Y5 BI Module 2c.csv
Y5 BI Module 3a Asas,Wild Life,Y5 BI Module 3a.csv
Y5 BI Module 3b Sederhana,Wild Life,Y5 BI Module 3b.csv
Y5 BI Module 3c Cabaran,Wild Life,Y5 BI Module 3c.csv
Y5 BI Module 4a Asas,Learning World,Y5 BI Module 4a.csv
Y5 BI Module 4b Sederhana,Learning World,Y5 BI Module 4b.csv
Y5 BI Module 4c Cabaran,Learning World,Y5 BI Module 4c.csv
Y5 BI Module 5a Asas,Food and Health,Y5 BI Module 5a.csv
Y5 BI Module 5b Sederhana,Food and Health,Y5 BI Module 5b.csv
Y5 BI Module 5c Cabaran,Food and Health,Y5 BI Module 5c.csv
Y5 BI Module 6a Asas,Sport,Y5 BI Module 6a.csv
Y5 BI Module 6b Sederhana,Sport,Y5 BI Module 6b.csv
Y5 BI Module 6c Cabaran,Sport,Y5 BI Module 6c.csv
Y5 BI Module 7a Asas,Growing Up,Y5 BI Module 7a.csv
Y5 BI Module 7b Sederhana,Growing Up,Y5 BI Module 7b.csv
Y5 BI Module 7c Cabaran,Growing Up,Y5 BI Module 7c.csv
Y5 BI Module 8a Asas,Going Away,Y5 BI Module 8a.csv
Y5 BI Module 8b Sederhana,Going Away,Y5 BI Module 8b.csv
Y5 BI Module 8c Cabaran,Going Away,Y5 BI Module 8c.csv
